{
  "chosen_mean": 0.7509016998440368,
  "chosen_std": 0.29514119233114494,
  "rejected_mean": 0.2578615410098438,
  "rejected_std": 0.3374130340863174,
  "margin": 0.49304015883419294
}